user_id,book_title,book_rating,user_idx,book_idx
6575,Where the Heart Is (Oprah's Book Club (Paperback)),8,0,456
6575,Balzac and the Little Chinese Seamstress : A Novel,9,0,44
6575,Bridget Jones: The Edge of Reason,6,0,63
6575,Me Talk Pretty One Day,8,0,210
6575,The Girls' Guide to Hunting and Fishing,8,0,342
6575,Wicked: The Life and Times of the Wicked Witch of the West,9,0,463
6575,How Stella Got Her Groove Back,7,0,170
6575,The Hitchhiker's Guide to the Galaxy,8,0,354
6575,A Map of the World,7,0,9
6575,The Other Boleyn Girl,7,0,383
6575,All I Really Need to Know,5,0,23
6575,Griffin &amp; Sabine: An Extraordinary Correspondence,9,0,148
6575,Seven Up (A Stephanie Plum Novel),9,0,272
6575,Bridget Jones's Diary,4,0,62
6575,Coraline,9,0,85
6575,Watership Down,4,0,450
6575,One for the Money (A Stephanie Plum Novel),9,0,237
6575,A Heartbreaking Work of Staggering Genius,7,0,7
6575,A Bend in the Road,1,0,4
6575,Tears of the Giraffe (No.1 Ladies Detective Agency),9,0,294
6575,The Sweet Potato Queens' Book of Love,8,0,414
6575,The Red Tent (Bestselling Backlist),8,0,398
6575,Blue Diary,4,0,57
6575,The No. 1 Ladies' Detective Agency (Today Show Book Club #8),9,0,381
6575,Midnight in the Garden of Good and Evil: A Savannah Story,6,0,216
6575,"Tuesdays with Morrie: An Old Man, a Young Man, and Life's Greatest Lesson",6,0,441
6575,Sabine's Notebook: In Which the Extraordinary Correspondence of Griffin &amp; Sabine Continues,9,0,266
6575,The Divine Secrets of the Ya-Ya Sisterhood: A Novel,8,0,330
6575,Three Junes,7,0,434
6575,Divine Secrets of the Ya-Ya Sisterhood: A Novel,8,0,99
6575,The English Patient,8,0,334
6575,A Is for Alibi (Kinsey Millhone Mysteries (Paperback)),7,0,8
6575,Message in a Bottle,2,0,212
6575,Midwives: A Novel,7,0,217
6575,Snow Falling on Cedars,7,0,283
6575,The Secret Life of Bees,8,0,406
6575,Plainsong (Vintage Contemporaries),8,0,246
6575,Me Talk Pretty One Day,9,0,210
6575,Fingersmith,8,0,126
6575,"The Golden Compass (His Dark Materials, Book 1)",5,0,346
6575,Girl in Hyacinth Blue,7,0,142
6575,Two for the Dough,9,0,442
6575,Four To Score (A Stephanie Plum Novel),9,0,133
6575,Confessions of a Shopaholic (Summer Display Opportunity),5,0,82
6575,The Joy Luck Club,9,0,365
6575,Girl with a Pearl Earring,6,0,143
7346,From Potter's Field,8,1,135
7346,The Street Lawyer,10,1,411
7346,Chicken Soup for the Soul (Chicken Soup for the Soul),7,1,72
7346,Empire Falls,8,1,112
7346,Wicked: The Life and Times of the Wicked Witch of the West,7,1,463
7346,Rebecca,9,1,255
7346,Shopaholic Takes Manhattan (Summer Display Opportunity),8,1,275
7346,Four To Score (A Stephanie Plum Novel),8,1,133
7346,Black Notice,7,1,53
7346,H Is for Homicide (Kinsey Millhone Mysteries (Paperback)),7,1,150
7346,The Summons,8,1,413
7346,Pride and Prejudice,10,1,253
7346,The Princess Bride: S Morgenstern's Classic Tale of True Love and High Adventure,8,1,392
7346,Rising Sun,9,1,258
7346,Coraline,9,1,85
7346,The Brethren,8,1,314
7346,P Is for Peril (Kinsey Millhone Mysteries (Hardcover)),8,1,241
7346,Harry Potter and the Sorcerer's Stone (Book 1),9,1,157
7346,The Hot Zone,8,1,359
7346,The Five People You Meet in Heaven,7,1,338
7346,The Joy Luck Club,9,1,365
7346,Jurassic Park,8,1,192
7346,The Testament,9,1,419
7346,The Other Boleyn Girl,9,1,383
7346,Hot Six : A Stephanie Plum Novel (A Stephanie Plum Novel),7,1,168
7346,Presumed Innocent,7,1,251
7346,The Body Farm,8,1,311
7346,Big Cherry Holler: A Big Stone Gap Novel (Ballantine Reader's Circle),6,1,49
7346,The Runaway Jury,9,1,403
7346,Bridget Jones : The Edge of Reason,7,1,61
7346,F Is for Fugitive (Kinsey Millhone Mysteries (Paperback)),6,1,116
7346,High Five (A Stephanie Plum Novel),7,1,165
7346,"The Lion, the Witch, and the Wardrobe (The Chronicles of Narnia, Book 2)",9,1,372
7346,Girl in Hyacinth Blue,8,1,142
7346,1984,8,1,0
7346,"\O\"" Is for Outlaw""",8,1,473
7346,Disclosure,7,1,98
7346,A Prayer for Owen Meany,9,1,11
7346,Gone with the Wind,8,1,145
7346,The Color Purple,8,1,322
7346,Silence of the Lambs,9,1,278
7346,The Sweet Potato Queens' Book of Love,7,1,414
7346,To the Nines: A Stephanie Plum Novel,6,1,439
11676,The Bridges of Madison County,8,2,315
11676,Middlesex: A Novel,9,2,213
11676,Lightning,7,2,201
11676,Me Talk Pretty One Day,8,2,210
11676,Dreamcatcher,8,2,104
11676,Cat &amp; Mouse (Alex Cross Novels),9,2,68
11676,House of Sand and Fog,7,2,169
11676,Lightning,8,2,201
11676,Seabiscuit: An American Legend,10,2,269
11676,Unnatural Exposure,8,2,444
11676,When the Wind Blows,10,2,455
11676,The Client,5,2,321
11676,The Summons,8,2,413
11676,A Case of Need,9,2,5
11676,1st to Die: A Novel,8,2,1
11676,Saint Maybe,6,2,267
11676,Lucky : A Memoir,10,2,207
11676,Jewels of the Sun (Irish Trilogy),10,2,190
11676,B Is for Burglar (Kinsey Millhone Mysteries (Paperback)),10,2,40
11676,The Perfect Storm : A True Story of Men Against the Sea,8,2,386
11676,SHIPPING NEWS,9,2,264
11676,"Tuesdays with Morrie: An Old Man, a Young Man, and Life's Greatest Lesson",9,2,441
11676,Watchers,2,2,449
11676,A Prayer for Owen Meany,10,2,11
11676,Wish You Well,9,2,467
11676,She's Come Undone (Oprah's Book Club (Paperback)),1,2,273
11676,Girl in Hyacinth Blue,7,2,142
11676,The Wedding,5,2,430
11676,Night,10,2,231
11676,Pet Sematary,6,2,243
11676,Politically Correct Bedtime Stories: Modern Tales for Our Life and Times,6,2,248
11676,That Camden Summer,8,2,297
11676,Wicked: The Life and Times of the Wicked Witch of the West,9,2,463
11676,Wild Animus,6,2,465
11676,"Angus, Thongs and Full-Frontal Snogging: Confessions of Georgia Nicolson",10,2,31
11676,Snow Falling on Cedars,10,2,283
11676,Mr. Perfect,8,2,223
11676,Jurassic Park,8,2,192
11676,Hannibal,8,2,151
11676,Daddy's Little Girl,7,2,90
11676,Charlotte's Web (Trophy Newbery),9,2,71
11676,The Prince of Tides,8,2,391
11676,It,8,2,186
11676,Hideaway,9,2,163
11676,How to Make an American Quilt,5,2,172
11676,Harry Potter and the Chamber of Secrets (Book 2),10,2,153
11676,Empire Falls,9,2,112
11676,The Stone Diaries,8,2,410
11676,Three To Get Deadly : A Stephanie Plum Novel (A Stephanie Plum Novel),8,2,435
11676,The Testament,9,2,419
11676,Hard Eight : A Stephanie Plum Novel (A Stephanie Plum Novel),10,2,152
11676,Intensity,6,2,182
11676,Dreamcatcher,8,2,104
11676,Black House,3,2,52
11676,Pet Sematary,2,2,243
11676,Big Stone Gap: A Novel (Ballantine Reader's Circle),6,2,50
11676,Ender's Game (Ender Wiggins Saga (Paperback)),9,2,113
11676,A Year in Provence,5,2,18
11676,Hideaway,8,2,163
11676,Doomsday Book,7,2,102
11676,Message in a Bottle,8,2,212
11676,The Secret Life of Bees,8,2,406
11676,Whispers,4,2,459
11676,All I Really Need to Know,6,2,23
11676,The Lovely Bones: A Novel,5,2,376
11676,Under the Tuscan Sun,8,2,443
11676,The Kitchen God's Wife,9,2,367
11676,Heartbreaker,8,2,160
11676,Dragonfly in Amber,8,2,103
11676,The Summons,8,2,413
11676,Neverwhere,7,2,228
11676,Breathing Lessons,7,2,60
11676,Cause of Death,10,2,69
11676,Pop Goes the Weasel,6,2,249
11676,I Know Why the Caged Bird Sings,8,2,176
11676,Harry Potter and the Sorcerer's Stone (Book 1),10,2,157
11676,Death du Jour,7,2,93
11676,Anne of Green Gables (Anne of Green Gables Novels (Paperback)),7,2,35
11676,The Andromeda Strain,7,2,302
11676,Good in Bed,8,2,147
11676,House of Sand and Fog,7,2,169
11676,The Client,10,2,321
11676,The Regulators,6,2,399
11676,To Kill a Mockingbird,10,2,438
11676,White Oleander : A Novel,9,2,460
11676,The Secret Garden,10,2,405
11676,Easy Prey,8,2,108
11676,Daddy's Little Girl,8,2,90
11676,Welcome to Temptation,8,2,453
11676,Nightmares &amp; Dreamscapes,8,2,232
11676,Needful Things,8,2,227
11676,Tis: A Memoir,10,2,437
11676,It,8,2,186
11676,Kiss the Girls,5,2,196
11676,The Nanny Diaries: A Novel,6,2,380
11676,From the Corner of His Eye,7,2,137
11676,The Testament,4,2,419
11676,The Great Gatsby,5,2,347
11676,The Bluest Eye,8,2,310
11676,Violets Are Blue,6,2,446
11676,High Five (A Stephanie Plum Novel),8,2,165
11676,Open Season,9,2,239
11676,The Glass Lake,7,2,344
11676,The Firm,1,2,337
11676,Back Roads,8,2,41
11676,Postmortem,9,2,250
11676,The Devil Wears Prada : A Novel,5,2,328
11676,Coraline,8,2,85
11676,The Notebook,10,2,382
11676,Beloved (Plume Contemporary Fiction),8,2,48
11676,Tis: A Memoir,8,2,437
11676,Blue Diary,8,2,57
11676,Bridget Jones's Diary,8,2,62
11676,Empire Falls,7,2,112
11676,The Rainmaker,7,2,395
11676,The Bonesetter's Daughter,9,2,312
11676,ANGELA'S ASHES,7,2,19
11676,Tears of the Giraffe (No.1 Ladies Detective Agency),8,2,294
11676,Hot Six : A Stephanie Plum Novel (A Stephanie Plum Novel),7,2,168
11676,The Reader,8,2,397
11676,The Street Lawyer,9,2,411
11676,The Alchemist: A Fable About Following Your Dream,10,2,298
11676,The Beach House,6,2,306
11676,White Oleander : A Novel,10,2,460
11676,The Lake House,5,2,368
11676,The Gift,9,2,339
11676,Cradle and All,8,2,86
11676,The Giver (21st Century Reference),7,2,343
11676,Easy Prey,8,2,108
11676,"Eats, Shoots &amp; Leaves: The Zero Tolerance Approach to Punctuation",9,2,109
11676,The Rapture of Canaan,6,2,396
11676,The Secret Garden,10,2,405
11676,The Witching Hour (Lives of the Mayfair Witches),9,2,431
11676,The Hunt for Red October,6,2,363
11676,Stranger in a Strange Land (Remembering Tomorrow),8,2,288
11676,Congo,9,2,84
11676,Fried Green Tomatoes at the Whistle Stop Cafe,7,2,134
11676,Dolores Claiborne,8,2,100
11676,Bloody Bones (Anita Blake Vampire Hunter (Paperback)),10,2,56
11676,"\O\"" Is for Outlaw""",7,2,473
11676,Brave New World,9,2,59
11676,84 Charing Cross Road,8,2,3
11676,Seven Up (A Stephanie Plum Novel),4,2,272
11676,Black and Blue,7,2,54
11676,How to Be Good,7,2,171
11676,The Diary of Ellen Rimbauer: My Life at Rose Red,7,2,329
11676,Voyager,10,2,448
11676,The Alchemist: A Fable About Following Your Dream,9,2,298
11676,Round Ireland With a Fridge,7,2,262
11676,"Dude, Where's My Country?",7,2,105
11676,Cold Mountain,8,2,79
11676,The Divine Secrets of the Ya-Ya Sisterhood: A Novel,8,2,330
11676,The Tommyknockers,7,2,421
11676,Chicken Soup for the Woman's Soul (Chicken Soup for the Soul Series (Paper)),10,2,73
11676,Faking It,7,2,119
11676,Mortal Prey,8,2,221
11676,False Memory,9,2,121
11676,The Last Precinct,9,2,369
11676,Ellen Foster,7,2,111
11676,The House on Mango Street (Vintage Contemporaries),9,2,361
11676,Key of Knowledge (Key Trilogy (Paperback)),7,2,193
11676,At Home in Mitford (The Mitford Years),10,2,38
11676,"The Bad Beginning (A Series of Unfortunate Events, Book 1)",3,2,305
11676,A Painted House,8,2,10
11676,The Tao of Pooh,8,2,418
11676,The Amazing Adventures of Kavalier &amp; Clay,8,2,300
11676,A Wrinkle In Time,8,2,16
11676,Icy Sparks,8,2,178
11676,Balzac and the Little Chinese Seamstress : A Novel,9,2,44
11676,Gone with the Wind,5,2,145
11676,"The Reptile Room (A Series of Unfortunate Events, Book 2)",10,2,400
11676,Midnight Bayou,9,2,214
11676,The Lost Boy: A Foster Child's Search for the Love of a Family,10,2,374
11676,We Were the Mulvaneys,10,2,451
11676,Blue Diary,8,2,57
11676,How to Be Good,7,2,171
11676,The Lake House,8,2,368
11676,The English Patient,10,2,334
11676,Hornet's Nest,10,2,167
11676,Siddhartha,10,2,277
11676,"The Two Towers (The Lord of the Rings, Part 2)",10,2,423
11676,Big Trouble,5,2,51
11676,The King of Torts,9,2,366
11676,Carrie,5,2,67
11676,Insomnia,9,2,181
11676,84 Charing Cross Road,7,2,3
11676,Misery,4,2,218
11676,The Talisman,9,2,417
11676,The Sweet Potato Queens' Book of Love,10,2,414
11676,Pop Goes the Weasel,9,2,249
11676,The Five People You Meet in Heaven,9,2,338
11676,The Phantom Tollbooth,10,2,387
11676,Postmortem,8,2,250
11676,By the Light of the Moon,7,2,64
11676,The Color Purple,8,2,322
11676,Left Behind: A Novel of the Earth's Last Days (Left Behind No. 1),9,2,199
11676,Circle of Friends,8,2,77
11676,Heart of the Sea (Irish Trilogy),8,2,159
11676,Animal Farm,10,2,32
11676,Two for the Dough,10,2,442
11676,Fast Food Nation: The Dark Side of the All-American Meal,10,2,122
11676,F Is for Fugitive (Kinsey Millhone Mysteries (Paperback)),4,2,116
11676,About a Boy,5,2,20
11676,"Like Water for Chocolate : A Novel in Monthly Installments with Recipes, Romances, and Home Remedies",8,2,202
11676,Sick Puppy,10,2,276
11676,Saint Maybe,9,2,267
11676,Fast Women,5,2,123
11676,Midwives: A Novel,6,2,217
11676,"Key of Valor (Roberts, Nora. Key Trilogy, 3.)",10,2,195
11676,Death du Jour,6,2,93
11676,The Rescue,10,2,401
11676,To Kill a Mockingbird,8,2,438
11676,The Stand: Complete and Uncut,5,2,409
11676,The Da Vinci Code,9,2,325
11676,2nd Chance,8,2,2
11676,Rebecca,10,2,255
11676,"Word Freak: Heartbreak, Triumph, Genius, and Obsession in the World of Competitive Scrabble Players",8,2,469
11676,The Hot Zone,10,2,359
11676,"Wizard and Glass (The Dark Tower, Book 4)",10,2,468
11676,Q Is for Quarry,9,2,254
11676,The Villa,9,2,426
11676,The Testament,8,2,419
11676,Kiss the Girls,9,2,196
11676,Into Thin Air : A Personal Account of the Mt. Everest Disaster,8,2,184
11676,The Blue Nowhere : A Novel,7,2,309
11676,"The Fellowship of the Ring (The Lord of the Rings, Part 1)",8,2,336
11676,Mystic River,6,2,224
11676,The Color of Water: A Black Man's Tribute to His White Mother,8,2,323
11676,Servant of the Bones,7,2,271
11676,The Partner,10,2,384
11676,The Celestine Prophecy (Celestine Prophecy),10,2,317
11676,C Is for Corpse (Kinsey Millhone Mysteries (Paperback)),10,2,65
11676,Disclosure,9,2,98
11676,Pride and Prejudice,8,2,253
11676,J Is for Judgment,7,2,187
11676,Pet Sematary,8,2,243
11676,Over the Edge,9,2,240
11676,Cruel &amp; Unusual (Kay Scarpetta Mysteries (Paperback)),10,2,87
11676,The Body Farm,5,2,311
11676,Harry Potter and the Goblet of Fire (Book 4),8,2,154
11676,Chocolat,9,2,74
11676,A Bend in the Road,5,2,4
11676,Jewel,4,2,189
11676,Deja Dead,8,2,94
11676,Tribulation Force: The Continuing Drama of Those Left Behind (Left Behind No. 2),10,2,440
11676,Bag of Bones,8,2,43
11676,The Hours: A Novel,9,2,360
11676,Harry Potter and the Sorcerer's Stone (Book 1),8,2,157
11676,What Looks Like Crazy On An Ordinary Day,10,2,454
11676,Heartbreaker,8,2,160
11676,Tara Road,6,2,293
11676,Final Target,8,2,125
11676,Running with Scissors: A Memoir,7,2,263
11676,The Street Lawyer,8,2,411
11676,The Book of Ruth (Oprah's Book Club (Paperback)),7,2,313
11676,Five Quarters of the Orange,7,2,128
11676,Wuthering Heights,10,2,470
11676,Angela's Ashes (MMP) : A Memoir,9,2,28
11676,The Last Time They Met : A Novel,9,2,370
11676,Firestarter,8,2,127
11676,Nicolae: The Rise of Antichrist (Left Behind No. 3),8,2,230
11676,The Green Mile,5,2,348
11676,Firestarter,8,2,127
11676,N Is for Noose,2,2,225
11676,The Joy Luck Club,7,2,365
11676,Mr. Perfect,8,2,223
11676,The Reader,9,2,397
11676,Breathing Lessons,5,2,60
11676,The Girl Who Loved Tom Gordon,10,2,340
11676,Angels &amp; Demons,8,2,30
11676,Miss Julia Speaks Her Mind : A Novel,8,2,219
11676,Heaven and Earth (Three Sisters Island Trilogy),10,2,162
11676,Skipping Christmas,8,2,280
11676,The Secret Garden,9,2,405
11676,Good Omens,7,2,146
11676,Bastard Out of Carolina,9,2,45
11676,Remember Me,9,2,257
11676,The Tommyknockers,8,2,421
11676,Midnight Bayou,6,2,214
11676,Confessions of a Shopaholic (Summer Display Opportunity),10,2,82
11676,Lightning,8,2,201
11676,The Bonesetter's Daughter,8,2,312
11676,A Walk to Remember,7,2,15
11676,A Wrinkle in Time,10,2,17
11676,The Idiot Girls' Action Adventure Club,6,2,364
11676,Body of Evidence (Kay Scarpetta Mysteries (Paperback)),5,2,58
11676,The Hundred Secret Senses,9,2,362
11676,The Hitchhiker's Guide to the Galaxy,7,2,354
11676,The Brethren,8,2,314
11676,Point of Origin,8,2,247
11676,Dreamcatcher,10,2,104
11676,Harry Potter and the Sorcerer's Stone (Harry Potter (Paperback)),10,2,158
11676,"Lamb : The Gospel According to Biff, Christ's Childhood Pal",5,2,198
11676,Zen and the Art of Motorcycle Maintenance: An Inquiry into Values,7,2,472
11676,Pet Sematary,8,2,243
11676,The Alienist,7,2,299
11676,Round Ireland With a Fridge,8,2,262
11676,Back When We Were Grownups: A Novel,4,2,42
11676,Fingersmith,9,2,126
11676,Fried Green Tomatoes at the Whistle Stop Cafe,8,2,134
11676,The Gift,10,2,339
11676,Remember Me,10,2,257
11676,Digital Fortress : A Thriller,8,2,97
11676,Who Moved My Cheese? An Amazing Way to Deal with Change in Your Work and in Your Life,5,2,462
11676,White Oleander : A Novel,8,2,460
11676,The Handmaid's Tale,7,2,353
11676,"The Vampire Lestat (Vampire Chronicles, Book II)",8,2,425
11676,The Rescue,8,2,401
11676,Hornet's Nest,5,2,167
11676,Anne of Avonlea (Anne of Green Gables Novels (Paperback)),5,2,34
11676,Beloved,10,2,47
11676,Confessions of an Ugly Stepsister : A Novel,8,2,83
11676,Chocolat,10,2,74
11676,The Stone Diaries,6,2,410
11676,Black Notice,6,2,53
11676,The Rainmaker,8,2,395
11676,The Bridges of Madison County,2,2,315
11676,A Walk in the Woods: Rediscovering America on the Appalachian Trail (Official Guides to the Appalachian Trail),8,2,14
11676,Chicken Soup for the Soul (Chicken Soup for the Soul),7,2,72
11676,Summer Sisters,7,2,290
11676,Sick Puppy,8,2,276
11676,The Tale of the Body Thief (Vampire Chronicles (Paperback)),6,2,416
11676,The Nanny Diaries: A Novel,9,2,380
11676,The Notebook,10,2,382
11676,About a Boy,5,2,20
11676,"The Fellowship of the Ring (The Lord of the Rings, Part 1)",8,2,336
11676,Digital Fortress : A Thriller,7,2,97
11676,Watchers,9,2,449
11676,All Around the Town,8,2,22
11676,The Red Tent (Bestselling Backlist),10,2,398
11676,Final Target,9,2,125
11676,One for the Money (Stephanie Plum Novels (Paperback)),8,2,238
11676,Slaughterhouse Five or the Children's Crusade: A Duty Dance With Death,8,2,281
11676,Midnight in the Garden of Good and Evil,9,2,215
11676,N Is for Noose,5,2,225
11676,Bridget Jones : The Edge of Reason,7,2,61
11676,STONES FROM THE RIVER,4,2,265
11676,The Notebook,6,2,382
11676,The Horse Whisperer,1,2,358
11676,"The Bad Beginning (A Series of Unfortunate Events, Book 1)",9,2,305
11676,The Simple Truth,9,2,408
11676,Circle of Friends,9,2,77
11676,Sabine's Notebook: In Which the Extraordinary Correspondence of Griffin &amp; Sabine Continues,8,2,266
11676,Timeline,10,2,436
11676,"The Golden Compass (His Dark Materials, Book 1)",10,2,346
11676,Bridget Jones: The Edge of Reason,3,2,63
11676,One True Thing,8,2,236
11676,The Secret Life of Bees,10,2,406
11676,Carolina Moon,10,2,66
11676,The Lost World,10,2,375
11676,Different Seasons,7,2,96
11676,The Runaway Jury,9,2,403
11676,Hard Eight : A Stephanie Plum Novel (A Stephanie Plum Novel),4,2,152
11676,Fall On Your Knees (Oprah #45),6,2,120
11676,To the Nines: A Stephanie Plum Novel,8,2,439
11676,The Girls' Guide to Hunting and Fishing,5,2,342
11676,The Devil Wears Prada : A Novel,10,2,328
11676,Four Blind Mice,5,2,131
11676,The Cider House Rules,8,2,319
11676,Harry Potter and the Chamber of Secrets (Book 2),8,2,153
11676,One True Thing,9,2,236
11676,84 Charing Cross Road,10,2,3
11676,Life of Pi,6,2,200
11676,Cold Sassy Tree,10,2,81
11676,The Switch,8,2,415
11676,Wifey,10,2,464
11676,Misery,9,2,218
16795,Tell No One,9,3,296
16795,A Bend in the Road,8,3,4
16795,The Runaway Jury,6,3,403
16795,Life of Pi,10,3,200
16795,Midwives: A Novel,7,3,217
16795,Violets Are Blue,9,3,446
16795,The Secret Life of Bees,10,3,406
16795,The Lovely Bones: A Novel,10,3,376
16795,Big Stone Gap: A Novel (Ballantine Reader's Circle),9,3,50
16795,The Rainmaker,5,3,395
16795,Back When We Were Grownups: A Novel,9,3,42
16795,The Green Mile,7,3,348
16795,1st to Die: A Novel,9,3,1
16795,Peace Like a River,8,3,242
16795,Blue Diary,8,3,57
16795,The Poisonwood Bible: A Novel,4,3,390
16795,Fried Green Tomatoes at the Whistle Stop Cafe,7,3,134
16795,The Gift,9,3,339
16795,The English Patient,7,3,334
16795,Skipping Christmas,10,3,280
16795,White Oleander : A Novel,9,3,460
16795,Fall On Your Knees (Oprah #45),9,3,120
16795,The Switch,5,3,415
16795,Two for the Dough,7,3,442
16795,One for the Money (Stephanie Plum Novels (Paperback)),9,3,238
16795,SHIPPING NEWS,5,3,264
16795,One True Thing,8,3,236
16795,Fahrenheit 451,8,3,118
16795,The Secret Life of Bees,10,3,406
16795,Insomnia,8,3,181
16795,The Clan of the Cave Bear (Earth's Children (Paperback)),7,3,320
16795,The Rapture of Canaan,9,3,396
16795,Into Thin Air : A Personal Account of the Mt. Everest Disaster,5,3,184
16795,Don't Sweat the Small Stuff and It's All Small Stuff : Simple Ways to Keep the Little Things from Taking Over Your Life (Don't Sweat the Small Stuff Series),9,3,101
16795,Timeline,5,3,436
16795,The Client,5,3,321
16795,"The Bad Beginning (A Series of Unfortunate Events, Book 1)",8,3,305
16795,Empire Falls,4,3,112
16795,The Alchemist: A Fable About Following Your Dream,8,3,298
16795,The Summons,8,3,413
16795,How to Be Good,9,3,171
16795,Hannibal,5,3,151
16795,Fried Green Tomatoes at the Whistle Stop Cafe,9,3,134
16795,Watership Down,6,3,450
16795,House of Sand and Fog,9,3,169
16795,Intensity,8,3,182
16795,Key of Knowledge (Key Trilogy (Paperback)),9,3,193
16795,Black and Blue,5,3,54
16795,Congo,7,3,84
16795,Who Moved My Cheese? An Amazing Way to Deal with Change in Your Work and in Your Life,7,3,462
16795,Chicken Soup for the Woman's Soul (Chicken Soup for the Soul Series (Paper)),8,3,73
16795,Anne Frank: The Diary of a Young Girl,8,3,33
16795,Lightning,7,3,201
16795,"A Child Called \It\"": One Child's Courage to Survive""",10,3,6
16795,The Da Vinci Code,10,3,325
16795,"The Reptile Room (A Series of Unfortunate Events, Book 2)",7,3,400
16795,Winter Solstice,6,3,466
16795,From a Buick 8 : A Novel,9,3,136
16795,Nights in Rodanthe,9,3,233
16795,Good in Bed,9,3,147
16795,The Five People You Meet in Heaven,8,3,338
16795,Seven Up (A Stephanie Plum Novel),6,3,272
16795,The Wedding,8,3,430
16795,Misery,10,3,218
16795,The Reader,5,3,397
16795,The Secret Garden,8,3,405
16795,The Hours: A Novel,8,3,360
16795,Seize the Night,7,3,270
16795,When the Wind Blows,7,3,455
16795,One True Thing,7,3,236
16795,Bridget Jones's Diary,7,3,62
16795,Vinegar Hill (Oprah's Book Club (Paperback)),8,3,445
16795,When the Wind Blows,8,3,455
16795,"Girl, Interrupted",9,3,144
16795,The Catcher in the Rye,8,3,316
16795,Lightning,8,3,201
16795,Nicolae: The Rise of Antichrist (Left Behind No. 3),9,3,230
16795,Cujo,7,3,88
16795,ANGELA'S ASHES,7,3,19
16795,"The Fellowship of the Ring (The Lord of the Rings, Part 1)",8,3,336
16795,Left Behind: A Novel of the Earth's Last Days (Left Behind No. 1),9,3,199
16795,From the Corner of His Eye,8,3,137
16795,The Wedding,5,3,430
16795,Four To Score (A Stephanie Plum Novel),8,3,133
16795,The Great Gatsby,6,3,347
16795,Where the Heart Is (Oprah's Book Club (Paperback)),8,3,456
16795,Watchers,9,3,449
16795,The Prince of Tides,5,3,391
16795,A Walk to Remember,8,3,15
16795,Icebound,5,3,177
16795,The Bridges of Madison County,9,3,315
16795,Icy Sparks,9,3,178
16795,The Notebook,10,3,382
16795,Griffin &amp; Sabine: An Extraordinary Correspondence,10,3,148
16795,She's Come Undone (Oprah's Book Club),10,3,274
16795,The Pelican Brief,6,3,385
16795,The Red Tent (Bestselling Backlist),9,3,398
16795,One Door Away from Heaven,9,3,235
16795,A Map of the World,9,3,9
16795,White Oleander : A Novel,8,3,460
16795,Circle of Friends,9,3,77
16795,The Nanny Diaries: A Novel,9,3,380
16795,It,8,3,186
16795,STONES FROM THE RIVER,7,3,265
21014,The Secret Life of Bees,8,4,406
21014,Anne Frank: The Diary of a Young Girl,8,4,33
21014,The Clan of the Cave Bear (Earth's Children (Paperback)),10,4,320
21014,One True Thing,8,4,236
21014,The Body Farm,8,4,311
21014,The Red Tent (Bestselling Backlist),9,4,398
21014,The Valley of Horses,9,4,424
21014,Cause of Death,7,4,69
21014,The Prince of Tides,5,4,391
21014,Tara Road,8,4,293
21014,Cold Mountain : A Novel,8,4,80
21014,The Bean Trees,8,4,307
21014,Plainsong (Vintage Contemporaries),7,4,246
21014,Anne of Green Gables (Anne of Green Gables Novels (Paperback)),9,4,35
21014,The Green Mile,7,4,348
21014,Unnatural Exposure,8,4,444
21014,The Reader,4,4,397
21014,Girl in Hyacinth Blue,8,4,142
21014,Divine Secrets of the Ya-Ya Sisterhood: A Novel,8,4,99
21014,Empire Falls,8,4,112
21014,Winter Solstice,7,4,466
21014,The Secret Garden,9,4,405
21014,The Last Time They Met : A Novel,6,4,370
21014,"The Bad Beginning (A Series of Unfortunate Events, Book 1)",8,4,305
21014,Harry Potter and the Chamber of Secrets (Book 2),9,4,153
21014,The Stand: Complete and Uncut,8,4,409
21014,Balzac and the Little Chinese Seamstress : A Novel,8,4,44
21014,SHIPPING NEWS,8,4,264
21014,The Hours: A Novel,8,4,360
21014,Jurassic Park,5,4,192
21014,The Rapture of Canaan,7,4,396
21014,The Girls' Guide to Hunting and Fishing,8,4,342
21014,White Oleander : A Novel,8,4,460
21014,One True Thing,10,4,236
21014,The Valley of Horses,9,4,424
21014,Girl with a Pearl Earring,8,4,143
21014,Voyager,9,4,448
21014,Snow Falling on Cedars,7,4,283
21014,Shopaholic Takes Manhattan (Summer Display Opportunity),6,4,275
21014,"Girl, Interrupted",7,4,144
21014,The Stone Diaries,3,4,410
21014,Postmortem,8,4,250
21014,Circle of Friends,8,4,77
31315,"The Gunslinger (The Dark Tower, Book 1)",10,5,352
31315,The Last Precinct,7,5,369
31315,The Testament,10,5,419
31315,The Brethren,4,5,314
31315,A Painted House,6,5,10
31315,Ashes to Ashes,8,5,37
31315,We'll Meet Again,10,5,452
31315,The Lunatic Cafe (Anita Blake Vampire Hunter (Paperback)),10,5,377
31315,The Shining,10,5,407
31315,The Runaway Jury,10,5,403
31315,Hornet's Nest,10,5,167
31315,Flesh and Blood,10,5,129
31315,Chosen Prey,10,5,75
31315,Black Notice,7,5,53
31315,Over the Edge,8,5,240
31315,The Girl Who Loved Tom Gordon : A Novel,9,5,341
31315,Mortal Prey,10,5,221
31315,"The Vampire Lestat (Vampire Chronicles, Book II)",10,5,425
31315,House of Sand and Fog,9,5,169
31315,Don't Sweat the Small Stuff and It's All Small Stuff : Simple Ways to Keep the Little Things from Taking Over Your Life (Don't Sweat the Small Stuff Series),7,5,101
31315,Cradle and All,10,5,86
31315,Different Seasons,9,5,96
31315,Different Seasons,9,5,96
31315,2nd Chance,10,5,2
31315,The Partner,8,5,384
31315,Icy Sparks,9,5,178
31315,Pet Sematary,8,5,243
31315,The Testament,10,5,419
31315,Southern Cross,8,5,285
31315,Good in Bed,10,5,147
31315,Unnatural Exposure,9,5,444
31315,From the Corner of His Eye,10,5,137
31315,The Glass Lake,10,5,344
31315,Dolores Claiborne,6,5,100
31315,The Laughing Corpse (Anita Blake Vampire Hunter (Paperback)),10,5,371
31315,Easy Prey,10,5,108
31315,Four Blind Mice,10,5,131
31315,Bloody Bones (Anita Blake Vampire Hunter (Paperback)),10,5,56
31315,Daddy's Little Girl,10,5,90
31315,Cat &amp; Mouse (Alex Cross Novels),10,5,68
31315,Violets Are Blue,10,5,446
31315,Mr. Murder,9,5,222
31315,The Pelican Brief,6,5,385
31826,"Loves Music, Loves to Dance",10,6,206
31826,Intensity,10,6,182
31826,Phantoms,10,6,244
31826,Daddy's Little Girl,10,6,90
31826,Firestarter,10,6,127
31826,The Dark Half,10,6,326
31826,The Girl Who Loved Tom Gordon,7,6,340
31826,Whispers,10,6,459
31826,Misery,10,6,218
31826,It,10,6,186
31826,Love You Forever,10,6,205
31826,The Dead Zone,10,6,327
31826,All Around the Town,10,6,22
31826,Pet Sematary,10,6,243
31826,Needful Things,10,6,227
31826,Cujo,10,6,88
31826,We'll Meet Again,10,6,452
31826,Lightning,10,6,201
31826,Hideaway,10,6,163
31826,Icebound,10,6,177
31826,Skeleton Crew,10,6,279
31826,The Da Vinci Code,10,6,325
31826,Dreamcatcher,10,6,104
31826,Bag of Bones,10,6,43
31826,Pretend You Don't See Her,10,6,252
31826,Thinner,10,6,432
31826,From the Corner of His Eye,10,6,137
31826,One Door Away from Heaven,10,6,235
31826,Hearts In Atlantis,10,6,161
31826,Watchers,10,6,449
31826,Timeline,10,6,436
31826,Gerald's Game,10,6,141
31826,The Thorn Birds,10,6,420
31826,Christine,10,6,76
31826,By the Light of the Moon,10,6,64
31826,Dolores Claiborne,10,6,100
31826,Wild Animus,1,6,465
31826,The Tommyknockers,10,6,421
31826,Insomnia,9,6,181
31826,Seize the Night,10,6,270
31826,Rose Madder,10,6,260
31826,Everything's Eventual : 14 Dark Tales,10,6,114
31826,Four Past Midnight,10,6,132
31826,Different Seasons,10,6,96
35859,Two for the Dough,8,7,442
35859,Isle of Dogs,4,7,185
35859,The Laughing Corpse (Anita Blake Vampire Hunter (Paperback)),7,7,371
35859,Southern Cross,2,7,285
35859,High Five (A Stephanie Plum Novel),9,7,165
35859,The Lunatic Cafe (Anita Blake Vampire Hunter (Paperback)),7,7,377
35859,Fried Green Tomatoes at the Whistle Stop Cafe,9,7,134
35859,Fried Green Tomatoes at the Whistle Stop Cafe,10,7,134
35859,Body of Evidence (Kay Scarpetta Mysteries (Paperback)),9,7,58
35859,Violets Are Blue,8,7,446
35859,The Talisman,3,7,417
35859,E Is for Evidence: A Kinsey Millhone Mystery (Kinsey Millhone Mysteries (Paperback)),8,7,107
35859,Left Behind: A Novel of the Earth's Last Days (Left Behind No. 1),9,7,199
35859,Easy Prey,7,7,108
35859,Misery,8,7,218
35859,1st to Die: A Novel,7,7,1
35859,It,9,7,186
35859,Seven Up (A Stephanie Plum Novel),8,7,272
35859,The Tommyknockers,7,7,421
35859,The Summons,6,7,413
35859,STONES FROM THE RIVER,10,7,265
35859,The Regulators,2,7,399
35859,Lightning,7,7,201
35859,Ellen Foster,9,7,111
35859,The Dead Zone,8,7,327
35859,One for the Money (Stephanie Plum Novels (Paperback)),10,7,238
35859,The Nanny Diaries: A Novel,8,7,380
35859,Bloody Bones (Anita Blake Vampire Hunter (Paperback)),8,7,56
35859,The Green Mile: The Bad Death of Eduard Delacroix (Green Mile Series),6,7,350
35859,The Diary of Ellen Rimbauer: My Life at Rose Red,8,7,329
35859,Bel Canto: A Novel,9,7,46
35859,The Shining,10,7,407
35859,The Dark Half,8,7,326
35859,What Looks Like Crazy On An Ordinary Day,8,7,454
35859,Hideaway,6,7,163
35859,Flesh and Blood,6,7,129
35859,Fahrenheit 451,10,7,118
35859,Pop Goes the Weasel,8,7,249
35859,The Girl Who Loved Tom Gordon : A Novel,6,7,341
35859,The Mummy or Ramses the Damned,9,7,378
35859,Different Seasons,8,7,96
35859,Eyes of Prey,8,7,115
35859,The Joy Luck Club,8,7,365
35859,Three To Get Deadly : A Stephanie Plum Novel (A Stephanie Plum Novel),9,7,435
35859,Cold Mountain,7,7,79
35859,The Rapture of Canaan,9,7,396
35859,Love You Forever,10,7,205
35859,Cold Mountain : A Novel,7,7,80
35859,The Regulators,1,7,399
35859,N Is for Noose,7,7,225
35859,Harry Potter and the Sorcerer's Stone (Harry Potter (Paperback)),10,7,158
35859,The Green Mile: Coffey's Hands (Green Mile Series),6,7,349
35859,I Is for Innocent,7,7,174
35859,Balzac and the Little Chinese Seamstress : A Novel,8,7,44
35859,The Tommyknockers,7,7,421
35859,Four Blind Mice,8,7,131
35859,Thinner,7,7,432
35859,Watchers,7,7,449
35859,H Is for Homicide (Kinsey Millhone Mysteries (Paperback)),8,7,150
35859,2nd Chance,7,7,2
35859,The Secret Life of Bees,9,7,406
35859,The Divine Secrets of the Ya-Ya Sisterhood: A Novel,7,7,330
35859,Miss Julia Speaks Her Mind : A Novel,7,7,219
35859,All That Remains (Kay Scarpetta Mysteries (Paperback)),9,7,24
35859,Cruel &amp; Unusual (Kay Scarpetta Mysteries (Paperback)),8,7,87
37950,Harry Potter and the Chamber of Secrets (Book 2),8,8,153
37950,Whispers,6,8,459
37950,Suzanne's Diary for Nicholas,6,8,291
37950,"The Two Towers (The Lord of the Rings, Part 2)",9,8,423
37950,Black Notice,7,8,53
37950,The Last Precinct,7,8,369
37950,The Brethren,8,8,314
37950,Skeleton Crew,10,8,279
37950,The Eyes of the Dragon,10,8,335
37950,Gerald's Game,7,8,141
37950,The Rainmaker,7,8,395
37950,"The Drawing of the Three (The Dark Tower, Book 2)",10,8,332
37950,Dragonfly in Amber,10,8,103
37950,The Shining,10,8,407
37950,Dreamcatcher,9,8,104
37950,The Firm,6,8,337
37950,About a Boy,8,8,20
37950,One Door Away from Heaven,4,8,235
37950,The Dark Half,7,8,326
37950,Stranger in a Strange Land (Remembering Tomorrow),7,8,288
37950,Four To Score (A Stephanie Plum Novel),8,8,133
37950,"Loves Music, Loves to Dance",5,8,206
37950,Wild Animus,3,8,465
37950,B Is for Burglar (Kinsey Millhone Mysteries (Paperback)),8,8,40
37950,Animal Farm,9,8,32
37950,F Is for Fugitive (Kinsey Millhone Mysteries (Paperback)),9,8,116
37950,Hard Eight : A Stephanie Plum Novel (A Stephanie Plum Novel),7,8,152
37950,Lord of the Flies,9,8,204
37950,Skeleton Crew,10,8,279
37950,"The Waste Lands (The Dark Tower, Book 3)",10,8,429
37950,"The Two Towers (The Lord of the Rings, Part 2)",9,8,423
37950,Sophie's World: A Novel About the History of Philosophy,7,8,284
37950,Needful Things,7,8,227
37950,Interview with the Vampire,5,8,183
37950,"The Golden Compass (His Dark Materials, Book 1)",8,8,346
37950,Chicken Soup for the Soul (Chicken Soup for the Soul),6,8,72
37950,To Kill a Mockingbird,9,8,438
37950,Cradle and All,5,8,86
37950,Dolores Claiborne,8,8,100
37950,"The Gunslinger (The Dark Tower, Book 1)",10,8,352
37950,"The Subtle Knife (His Dark Materials, Book 2)",9,8,412
37950,Death du Jour,9,8,93
60244,Seabiscuit: An American Legend,9,9,269
60244,The Bonesetter's Daughter,8,9,312
60244,Left Behind: A Novel of the Earth's Last Days (Left Behind No. 1),5,9,199
60244,Girl in Hyacinth Blue,8,9,142
60244,Midnight in the Garden of Good and Evil,7,9,215
60244,The Hundred Secret Senses,9,9,362
60244,I Capture the Castle,8,9,173
60244,Where the Red Fern Grows,10,9,457
60244,Under the Tuscan Sun,8,9,443
60244,Fall On Your Knees (Oprah #45),8,9,120
60244,The Pilot's Wife,8,9,388
60244,Wicked: The Life and Times of the Wicked Witch of the West,7,9,463
60244,"Eats, Shoots &amp; Leaves: The Zero Tolerance Approach to Punctuation",10,9,109
60244,The Hobbit : The Enchanting Prelude to The Lord of the Rings,10,9,356
60244,A Map of the World,8,9,9
60244,Three To Get Deadly : A Stephanie Plum Novel (A Stephanie Plum Novel),9,9,435
60244,B Is for Burglar (Kinsey Millhone Mysteries (Paperback)),9,9,40
60244,Full House (Janet Evanovich's Full Series),7,9,138
60244,A Wrinkle in Time,10,9,17
60244,The Sweet Potato Queens' Book of Love,8,9,414
60244,"Girl, Interrupted",7,9,144
60244,The No. 1 Ladies' Detective Agency (Today Show Book Club #8),9,9,381
60244,The Phantom Tollbooth,10,9,387
60244,Atlas Shrugged,9,9,39
60244,Bridget Jones: The Edge of Reason,8,9,63
60244,How to Make an American Quilt,9,9,172
60244,One for the Money (A Stephanie Plum Novel),9,9,237
60244,Angela's Ashes: A Memoir,9,9,29
60244,Stupid White Men ...and Other Sorry Excuses for the State of the Nation!,8,9,289
60244,In a Sunburned Country,8,9,180
60244,"The Fellowship of the Ring (The Lord of the Rings, Part 1)",10,9,336
60244,"Word Freak: Heartbreak, Triumph, Genius, and Obsession in the World of Competitive Scrabble Players",9,9,469
60244,House of Sand and Fog,7,9,169
60244,Midnight in the Garden of Good and Evil: A Savannah Story,7,9,216
60244,Love You Forever,6,9,205
60244,The Stand: Complete and Uncut,4,9,409
60244,Girl in Hyacinth Blue,8,9,142
60244,The Joy Luck Club,8,9,365
60244,Ender's Game (Ender Wiggins Saga (Paperback)),9,9,113
60244,Jemima J: A Novel About Ugly Ducklings and Swans,7,9,188
60244,The Virgin Suicides,9,9,427
60244,Big Cherry Holler: A Big Stone Gap Novel (Ballantine Reader's Circle),7,9,49
60244,The Hitchhiker's Guide to the Galaxy,9,9,354
60244,The Phantom Tollbooth,9,9,387
60244,1984,9,9,0
60244,Fingersmith,8,9,126
60244,The Catcher in the Rye,7,9,316
60244,The Red Tent (Bestselling Backlist),7,9,398
60244,Charlie and the Chocolate Factory,9,9,70
60244,The Nanny Diaries: A Novel,8,9,380
60244,The Stone Diaries,8,9,410
60244,The Girls' Guide to Hunting and Fishing,8,9,342
60244,Good in Bed,8,9,147
60244,Three Junes,8,9,434
60244,The Crimson Petal and the White,8,9,324
60244,The Divine Secrets of the Ya-Ya Sisterhood: A Novel,8,9,330
60244,Breathing Lessons,8,9,60
60244,Don't Sweat the Small Stuff and It's All Small Stuff : Simple Ways to Keep the Little Things from Taking Over Your Life (Don't Sweat the Small Stuff Series),9,9,101
60244,White Oleander : A Novel (Oprah's Book Club),8,9,461
60244,"The Lion, the Witch, and the Wardrobe (The Chronicles of Narnia, Book 2)",9,9,372
60244,Bridget Jones's Diary,8,9,62
60244,The Honk and Holler Opening Soon,8,9,357
60244,The Girls' Guide to Hunting and Fishing,8,9,342
60244,Plainsong (Vintage Contemporaries),7,9,246
60244,Divine Secrets of the Ya-Ya Sisterhood: A Novel,8,9,99
60244,A Walk in the Woods: Rediscovering America on the Appalachian Trail (Official Guides to the Appalachian Trail),9,9,14
60244,The Secret Life of Bees,8,9,406
60244,Shopaholic Takes Manhattan (Summer Display Opportunity),8,9,275
60244,Skipping Christmas,8,9,280
60244,Bridget Jones's Diary,8,9,62
60244,The Little Prince,10,9,373
78973,Harry Potter and the Goblet of Fire (Book 4),10,10,154
78973,Bridget Jones: The Edge of Reason,9,10,63
78973,The Last Precinct,7,10,369
78973,The Shining,8,10,407
78973,Rose Madder,8,10,260
78973,Whispers,9,10,459
78973,Gerald's Game,9,10,141
78973,A Bend in the Road,7,10,4
78973,Dark Paradise,6,10,92
78973,Dreamcatcher,7,10,104
78973,Carrie,8,10,67
78973,Along Came a Spider (Alex Cross Novels),9,10,25
78973,Cradle and All,8,10,86
78973,Four Blind Mice,7,10,131
78973,The Alienist,8,10,299
78973,Remember Me,8,10,257
78973,Good in Bed,9,10,147
78973,Watchers,10,10,449
78973,Cruel &amp; Unusual (Kay Scarpetta Mysteries (Paperback)),8,10,87
78973,Deja Dead,8,10,94
78973,By the Light of the Moon,9,10,64
78973,"Loves Music, Loves to Dance",9,10,206
78973,The Murder Book,8,10,379
78973,Phantoms,7,10,244
78973,High Fidelity,6,10,164
78973,Violets Are Blue,8,10,446
78973,1st to Die: A Novel,8,10,1
78973,We'll Meet Again,8,10,452
78973,In Her Shoes : A Novel,8,10,179
78973,From the Corner of His Eye,9,10,137
78973,Flesh and Blood,7,10,129
78973,One Door Away from Heaven,7,10,235
78973,How to Be Good,6,10,171
78973,Fear Nothing,7,10,124
78973,The Dark Half,7,10,326
78973,Icebound,6,10,177
78973,Insomnia,8,10,181
78973,Pride and Prejudice,7,10,253
78973,Dolores Claiborne,7,10,100
78973,All Around the Town,8,10,22
78973,Lightning,7,10,201
78973,Daddy's Little Girl,8,10,90
78973,The Girls' Guide to Hunting and Fishing,6,10,342
78973,Hideaway,8,10,163
78973,Pretend You Don't See Her,8,10,252
78973,Shopaholic Takes Manhattan (Summer Display Opportunity),9,10,275
89602,The Secret Life of Bees,9,11,406
89602,Zen and the Art of Motorcycle Maintenance: An Inquiry into Values,5,11,472
89602,About a Boy,8,11,20
89602,The Honk and Holler Opening Soon,5,11,357
89602,Wicked: The Life and Times of the Wicked Witch of the West,6,11,463
89602,Three Junes,8,11,434
89602,Ender's Game (Ender Wiggins Saga (Paperback)),9,11,113
89602,J Is for Judgment,8,11,187
89602,Q Is for Quarry,5,11,254
89602,We Were the Mulvaneys,5,11,451
89602,Good Omens,6,11,146
89602,Bloody Bones (Anita Blake Vampire Hunter (Paperback)),8,11,56
89602,A Prayer for Owen Meany,8,11,11
89602,The Color of Water: A Black Man's Tribute to His White Mother,9,11,323
89602,Plainsong (Vintage Contemporaries),5,11,246
89602,In a Sunburned Country,8,11,180
89602,Sick Puppy,5,11,276
89602,The House on Mango Street (Vintage Contemporaries),6,11,361
89602,Jemima J: A Novel About Ugly Ducklings and Swans,5,11,188
89602,Under the Tuscan Sun,9,11,443
89602,Moo,5,11,220
89602,House of Sand and Fog,5,11,169
89602,Bel Canto: A Novel,7,11,46
89602,Fingersmith,8,11,126
89602,The Lovely Bones: A Novel,8,11,376
89602,Watership Down,5,11,450
89602,"River, Cross My Heart",5,11,259
89602,The Da Vinci Code,8,11,325
89602,Running with Scissors: A Memoir,8,11,263
89602,Big Trouble,8,11,51
89602,Cold Sassy Tree,9,11,81
89602,Nightmares &amp; Dreamscapes,5,11,232
89602,The Crimson Petal and the White,7,11,324
89602,To Kill a Mockingbird,9,11,438
89602,Bridget Jones's Diary,5,11,62
89602,Confessions of an Ugly Stepsister : A Novel,8,11,83
89602,Hearts In Atlantis,5,11,161
89602,Guilty Pleasures (Anita Blake Vampire Hunter (Paperback)),8,11,149
89602,The Bluest Eye,7,11,310
89602,Tears of the Giraffe (No.1 Ladies Detective Agency),8,11,294
89602,The No. 1 Ladies' Detective Agency (Today Show Book Club #8),8,11,381
89602,The Five People You Meet in Heaven,6,11,338
89602,How to Be Good,5,11,171
89602,Circus of the Damned (Anita Blake Vampire Hunter (Paperback)),8,11,78
89602,"Lamb : The Gospel According to Biff, Christ's Childhood Pal",9,11,198
89602,Black House,5,11,52
89602,Einstein's Dreams,5,11,110
89602,The Pilot's Wife,5,11,388
89602,Coraline,8,11,85
89602,Me Talk Pretty One Day,8,11,210
89602,Bastard Out of Carolina,5,11,45
89602,The Laughing Corpse (Anita Blake Vampire Hunter (Paperback)),7,11,371
89602,Night,7,11,231
89602,Neverwhere,8,11,228
95359,Pet Sematary,8,12,243
95359,Running with Scissors: A Memoir,9,12,263
95359,Nickel and Dimed: On (Not) Getting By in America,8,12,229
95359,Little Altars Everywhere: A Novel,7,12,203
95359,American Psycho (Vintage Contemporaries),9,12,27
95359,1st to Die: A Novel,8,12,1
95359,"The Gunslinger (The Dark Tower, Book 1)",8,12,352
95359,Fried Green Tomatoes at the Whistle Stop Cafe,9,12,134
95359,Big Stone Gap: A Novel (Ballantine Reader's Circle),9,12,50
95359,Flesh and Blood,6,12,129
95359,Year of Wonders,10,12,471
95359,The Book of Ruth (Oprah's Book Club (Paperback)),8,12,313
95359,The Devil Wears Prada : A Novel,8,12,328
95359,Flesh and Blood,8,12,129
95359,Hideaway,8,12,163
95359,Cruel &amp; Unusual (Kay Scarpetta Mysteries (Paperback)),8,12,87
95359,Roses Are Red (Alex Cross Novels),7,12,261
95359,Eyes of Prey,7,12,115
95359,1984,10,12,0
95359,Black House,9,12,52
95359,She's Come Undone (Oprah's Book Club (Paperback)),8,12,273
95359,Lord of the Flies,10,12,204
95359,The Pilot's Wife : A Novel,10,12,389
95359,The Brethren,7,12,314
95359,To Kill a Mockingbird,10,12,438
95359,Good Omens,10,12,146
95359,Kiss the Girls,8,12,196
95359,Confessions of an Ugly Stepsister : A Novel,7,12,83
95359,Summer Sisters,6,12,290
95359,The Kitchen God's Wife,7,12,367
95359,White Oleander : A Novel (Oprah's Book Club),6,12,461
95359,The Hitchhiker's Guide to the Galaxy,10,12,354
95359,Taltos: Lives of the Mayfair Witches,7,12,292
95359,The Runaway Jury,8,12,403
95359,The Handmaid's Tale,10,12,353
95359,One True Thing,8,12,236
95359,The Bean Trees,9,12,307
95359,Anne of Green Gables (Anne of Green Gables Novels (Paperback)),8,12,35
95359,Pigs in Heaven,8,12,245
95359,A Heartbreaking Work of Staggering Genius,9,12,7
95359,Hornet's Nest,4,12,167
95359,Bastard Out of Carolina,10,12,45
95359,One for the Money (Stephanie Plum Novels (Paperback)),8,12,238
95359,Four Blind Mice,6,12,131
95359,Bel Canto: A Novel,9,12,46
95359,Remember Me,4,12,257
95359,The House on Mango Street (Vintage Contemporaries),8,12,361
95359,The Reader,6,12,397
95359,Presumed Innocent,10,12,251
95359,The Partner,4,12,384
95359,The Girls' Guide to Hunting and Fishing,8,12,342
95359,I Capture the Castle,8,12,173
95359,The Nanny Diaries: A Novel,9,12,380
95359,Empire Falls,9,12,112
95359,The Crimson Petal and the White,9,12,324
95359,Dreamcatcher,9,12,104
95359,Summer Sisters,8,12,290
95359,Angels &amp; Demons,9,12,30
95359,Life of Pi,10,12,200
95359,Jurassic Park,9,12,192
95359,Rising Sun,6,12,258
95359,A Wrinkle In Time,10,12,16
95359,The Prince of Tides,8,12,391
95359,Harry Potter and the Order of the Phoenix (Book 5),10,12,155
95359,The Bonesetter's Daughter,8,12,312
95359,Fear Nothing,5,12,124
95359,The Girls' Guide to Hunting and Fishing,8,12,342
95359,Stupid White Men ...and Other Sorry Excuses for the State of the Nation!,10,12,289
95359,Postmortem,9,12,250
95359,Midnight in the Garden of Good and Evil,10,12,215
95359,Tell No One,9,12,296
95359,Tears of the Giraffe (No.1 Ladies Detective Agency),9,12,294
95359,The Girl Who Loved Tom Gordon,8,12,340
95359,Ashes to Ashes,6,12,37
95359,The Hours: A Novel,10,12,360
95359,Jemima J: A Novel About Ugly Ducklings and Swans,4,12,188
95359,A Is for Alibi (Kinsey Millhone Mysteries (Paperback)),4,12,8
95359,The Bluest Eye,9,12,310
95359,Violets Are Blue,8,12,446
95359,Into Thin Air : A Personal Account of the Mt. Everest Disaster,10,12,184
95359,The Alienist,9,12,299
95359,A Prayer for Owen Meany,10,12,11
95359,Violets Are Blue,7,12,446
95359,Lucky : A Memoir,9,12,207
95359,A Wrinkle in Time,10,12,17
95359,The Mummy or Ramses the Damned,7,12,378
98391,Midnight Bayou,9,13,214
98391,Black House,10,13,52
98391,Mortal Prey,9,13,221
98391,By the Light of the Moon,8,13,64
98391,Final Target,10,13,125
98391,Back When We Were Grownups: A Novel,9,13,42
98391,Faking It,9,13,119
98391,Blue Diary,9,13,57
98391,Good in Bed,10,13,147
98391,Nights in Rodanthe,8,13,233
98391,Daddy's Little Girl,9,13,90
98391,Hard Eight : A Stephanie Plum Novel (A Stephanie Plum Novel),9,13,152
98391,"The Waste Lands (The Dark Tower, Book 3)",9,13,429
98391,The Lake House,10,13,368
98391,Three Fates,9,13,433
98391,"Wizard and Glass (The Dark Tower, Book 4)",5,13,468
98391,Mercy,9,13,211
98391,The Hours: A Novel,8,13,360
98391,Open Season,9,13,239
98391,Four Blind Mice,9,13,131
98391,Sanctuary,10,13,268
98391,Open Season,9,13,239
98391,2nd Chance,9,13,2
98391,From a Buick 8 : A Novel,9,13,136
98391,One Door Away from Heaven,9,13,235
98391,The Guardian,9,13,351
98391,Whispers,9,13,459
98391,The Blue Nowhere : A Novel,9,13,309
98391,Full Tilt (Janet Evanovich's Full Series),9,13,139
98391,The Murder Book,9,13,379
98391,Isle of Dogs,9,13,185
98391,P Is for Peril (Kinsey Millhone Mysteries (Hardcover)),9,13,241
98391,Back Roads,9,13,41
98391,"The Gunslinger (The Dark Tower, Book 1)",10,13,352
98391,The Bachelor (Warner Books Contemporary Romance),8,13,304
98391,Full House (Janet Evanovich's Full Series),8,13,138
98391,Q Is for Quarry,9,13,254
98391,Key of Light (Key Trilogy (Paperback)),10,13,194
98391,Face the Fire (Three Sisters Island Trilogy),9,13,117
98391,To the Nines: A Stephanie Plum Novel,10,13,439
98391,Tell No One,10,13,296
98391,The Lovely Bones: A Novel,9,13,376
98391,Over the Edge,9,13,240
98391,Chosen Prey,10,13,75
98391,Seven Up (A Stephanie Plum Novel),10,13,272
98391,Fast Women,10,13,123
104636,1st to Die: A Novel,10,14,1
104636,"Loves Music, Loves to Dance",9,14,206
104636,B Is for Burglar (Kinsey Millhone Mysteries (Paperback)),8,14,40
104636,Anne of Green Gables (Anne of Green Gables Novels (Paperback)),10,14,35
104636,A Is for Alibi (Kinsey Millhone Mysteries (Paperback)),9,14,8
104636,J Is for Judgment,9,14,187
104636,High Five (A Stephanie Plum Novel),9,14,165
104636,The Promise,8,14,393
104636,"A Child Called \It\"": One Child's Courage to Survive""",9,14,6
104636,Key of Light (Key Trilogy (Paperback)),9,14,194
104636,Harry Potter and the Sorcerer's Stone (Harry Potter (Paperback)),10,14,158
104636,Anne of Avonlea (Anne of Green Gables Novels (Paperback)),9,14,34
104636,Hot Six : A Stephanie Plum Novel (A Stephanie Plum Novel),9,14,168
104636,Ashes to Ashes,9,14,37
104636,We'll Meet Again,9,14,452
104636,White Oleander : A Novel (Oprah's Book Club),8,14,461
104636,The Pelican Brief,9,14,385
104636,Lightning,9,14,201
104636,She's Come Undone (Oprah's Book Club (Paperback)),8,14,273
104636,Q Is for Quarry,9,14,254
104636,Harry Potter and the Chamber of Secrets (Book 2),10,14,153
104636,The Street Lawyer,6,14,411
104636,Hard Eight : A Stephanie Plum Novel (A Stephanie Plum Novel),8,14,152
104636,Harry Potter and the Goblet of Fire (Book 4),10,14,154
104636,The Firm,10,14,337
104636,Summer Sisters,10,14,290
104636,Holes (Yearling Newbery),10,14,166
104636,The Alienist,9,14,299
104636,The Bachelor (Warner Books Contemporary Romance),8,14,304
104636,Night,10,14,231
104636,M Is for Malice,9,14,208
104636,Pretend You Don't See Her,9,14,252
104636,Full House (Janet Evanovich's Full Series),7,14,138
104636,The Lost Boy: A Foster Child's Search for the Love of a Family,10,14,374
104636,The Chamber,9,14,318
104636,Two for the Dough,9,14,442
104636,Chicken Soup for the Woman's Soul (Chicken Soup for the Soul Series (Paper)),5,14,73
104636,Along Came a Spider (Alex Cross Novels),9,14,25
104636,All Around the Town,9,14,22
104636,D Is for Deadbeat (Kinsey Millhone Mysteries (Paperback)),9,14,89
104636,One for the Money (Stephanie Plum Novels (Paperback)),9,14,238
104636,H Is for Homicide (Kinsey Millhone Mysteries (Paperback)),8,14,150
104636,E Is for Evidence: A Kinsey Millhone Mystery (Kinsey Millhone Mysteries (Paperback)),9,14,107
104636,Charlotte's Web (Trophy Newbery),10,14,71
104636,I Is for Innocent,9,14,174
104636,F Is for Fugitive (Kinsey Millhone Mysteries (Paperback)),9,14,116
104636,The Giver (21st Century Reference),10,14,343
104636,Harry Potter and the Prisoner of Azkaban (Book 3),10,14,156
104636,The Client,9,14,321
104636,Cruel &amp; Unusual (Kay Scarpetta Mysteries (Paperback)),8,14,87
104636,L Is for Lawless,9,14,197
104636,Seven Up (A Stephanie Plum Novel),9,14,272
104636,I Know Why the Caged Bird Sings,10,14,176
104636,One for the Money (A Stephanie Plum Novel),9,14,237
104636,Where the Heart Is (Oprah's Book Club (Paperback)),10,14,456
104636,Three To Get Deadly : A Stephanie Plum Novel (A Stephanie Plum Novel),9,14,435
104636,The Rainmaker,8,14,395
104636,C Is for Corpse (Kinsey Millhone Mysteries (Paperback)),8,14,65
114368,The Queen of the Damned (Vampire Chronicles (Paperback)),5,15,394
114368,The Pelican Brief,10,15,385
114368,"The Vampire Lestat (Vampire Chronicles, Book II)",5,15,425
114368,Welcome to Temptation,5,15,453
114368,The Switch,5,15,415
114368,The Summons,5,15,413
114368,2nd Chance,7,15,2
114368,The Testament,8,15,419
114368,Bleachers,5,15,55
114368,The Mummy or Ramses the Damned,5,15,378
114368,A Painted House,9,15,10
114368,The Chamber,9,15,318
114368,Dance upon the Air (Three Sisters Island Trilogy),10,15,91
114368,Sanctuary,10,15,268
114368,Heart of the Sea (Irish Trilogy),10,15,159
114368,Carolina Moon,10,15,66
114368,Cradle and All,5,15,86
114368,Jewels of the Sun (Irish Trilogy),10,15,190
114368,Taltos: Lives of the Mayfair Witches,5,15,292
114368,Midnight Bayou,10,15,214
114368,The Villa,10,15,426
114368,The Street Lawyer,8,15,411
114368,The Tale of the Body Thief (Vampire Chronicles (Paperback)),5,15,416
114368,Harry Potter and the Sorcerer's Stone (Book 1),5,15,157
114368,Summer Sisters,5,15,290
114368,The Wedding,5,15,430
114368,The Partner,9,15,384
114368,Face the Fire (Three Sisters Island Trilogy),10,15,117
114368,The Lovely Bones: A Novel,5,15,376
114368,"Key of Valor (Roberts, Nora. Key Trilogy, 3.)",5,15,195
114368,The Promise,5,15,393
114368,The Rainmaker,9,15,395
114368,Servant of the Bones,5,15,271
114368,The Client,10,15,321
114368,Skipping Christmas,10,15,280
114368,Four Blind Mice,5,15,131
114368,The Firm,10,15,337
114368,The Runaway Jury,8,15,403
114368,Lightning,5,15,201
114368,Interview with the Vampire,5,15,183
114368,Heaven and Earth (Three Sisters Island Trilogy),5,15,162
114368,Over the Edge,5,15,240
114368,Wifey,5,15,464
114368,Violets Are Blue,5,15,446
114368,The Gift,5,15,339
114368,Key of Light (Key Trilogy (Paperback)),5,15,194
114368,Heartbreaker,5,15,160
114368,Remember Me,5,15,257
126492,The Talisman,10,16,417
126492,On Writing,8,16,234
126492,From a Buick 8 : A Novel,5,16,136
126492,The Brethren,7,16,314
126492,Divine Secrets of the Ya-Ya Sisterhood: A Novel,6,16,99
126492,Welcome to Temptation,6,16,453
126492,The Summons,7,16,413
126492,"The Vampire Lestat (Vampire Chronicles, Book II)",9,16,425
126492,Intensity,10,16,182
126492,Insomnia,10,16,181
126492,The Pelican Brief,8,16,385
126492,Red Dragon,7,16,256
126492,Bag of Bones,10,16,43
126492,"The Drawing of the Three (The Dark Tower, Book 2)",10,16,332
126492,The Tale of the Body Thief (Vampire Chronicles (Paperback)),7,16,416
126492,The King of Torts,7,16,366
126492,Everything's Eventual : 14 Dark Tales,10,16,114
126492,The Rainmaker,7,16,395
126492,Rose Madder,10,16,260
126492,"Wizard and Glass (The Dark Tower, Book 4)",10,16,468
126492,The Dark Half,7,16,326
126492,2nd Chance,4,16,2
126492,The Secret Garden,10,16,405
126492,The Tommyknockers,7,16,421
126492,"The Gunslinger (The Dark Tower, Book 1)",6,16,352
126492,Hannibal,8,16,151
126492,Dreamcatcher,10,16,104
126492,Skeleton Crew,7,16,279
126492,Brave New World,10,16,59
126492,The Stand: Complete and Uncut,10,16,409
126492,The Chamber,7,16,318
126492,Thinner,8,16,432
126492,The Partner,8,16,384
126492,Servant of the Bones,7,16,271
126492,The Firm,8,16,337
126492,Bleachers,3,16,55
126492,The Runaway Jury,8,16,403
126492,"The Reptile Room (A Series of Unfortunate Events, Book 2)",10,16,400
126492,"The Waste Lands (The Dark Tower, Book 3)",8,16,429
126492,Black House,10,16,52
126492,Christine,8,16,76
126492,Gerald's Game,6,16,141
126492,Lord of the Flies,9,16,204
126492,Desperation,10,16,95
126492,A Time to Kill,7,16,13
126492,Cujo,5,16,88
126492,Four Past Midnight,7,16,132
126492,The Dead Zone,7,16,327
126492,"The Bad Beginning (A Series of Unfortunate Events, Book 1)",10,16,305
126492,Pet Sematary,8,16,243
126492,Dolores Claiborne,7,16,100
126492,The Green Mile,10,16,348
135149,Confessions of an Ugly Stepsister : A Novel,7,17,83
135149,Holes (Yearling Newbery),10,17,166
135149,The Dress Lodger (Ballantine Reader's Circle),8,17,333
135149,Final Target,7,17,125
135149,The Brethren,8,17,314
135149,Plainsong (Vintage Contemporaries),6,17,246
135149,All Around the Town,8,17,22
135149,"Artemis Fowl (Artemis Fowl, Book 1)",7,17,36
135149,Big Trouble,8,17,51
135149,The Partner,8,17,384
135149,Girl with a Pearl Earring,9,17,143
135149,The Sweet Potato Queens' Book of Love,7,17,414
135149,The Book of Ruth (Oprah's Book Club (Paperback)),9,17,313
135149,Tara Road,10,17,293
135149,Seabiscuit: An American Legend,9,17,269
135149,The Pelican Brief,8,17,385
135149,Postmortem,8,17,250
135149,STONES FROM THE RIVER,8,17,265
135149,Dreamcatcher,6,17,104
135149,A Walk to Remember,9,17,15
135149,Naked,7,17,226
135149,Harry Potter and the Prisoner of Azkaban (Book 3),8,17,156
135149,A Wrinkle in Time,8,17,17
135149,"The Reptile Room (A Series of Unfortunate Events, Book 2)",9,17,400
135149,The Girl Who Loved Tom Gordon : A Novel,6,17,341
135149,One for the Money (Stephanie Plum Novels (Paperback)),7,17,238
135149,The Client,8,17,321
135149,Bridget Jones : The Edge of Reason,7,17,61
135149,The Last Time They Met : A Novel,7,17,370
135149,The Horse Whisperer,7,17,358
135149,Lord of the Flies,8,17,204
135149,Full House (Janet Evanovich's Full Series),9,17,138
135149,The Bonesetter's Daughter,8,17,312
135149,The Crimson Petal and the White,5,17,324
135149,A Time to Kill,8,17,13
135149,A Painted House,8,17,10
135149,Timeline,8,17,436
135149,"The Return of the King (The Lord of the Rings, Part 3)",10,17,402
135149,Siddhartha,9,17,277
135149,By the Light of the Moon,7,17,64
135149,Cradle and All,6,17,86
135149,The Girls' Guide to Hunting and Fishing,8,17,342
135149,Fear Nothing,6,17,124
135149,The Joy Luck Club,7,17,365
135149,A Bend in the Road,9,17,4
135149,Servant of the Bones,7,17,271
135149,"The Bad Beginning (A Series of Unfortunate Events, Book 1)",8,17,305
135149,Harry Potter and the Order of the Phoenix (Book 5),9,17,155
140358,The Street Lawyer,5,18,411
140358,The Testament,5,18,419
140358,"The Drawing of the Three (The Dark Tower, Book 2)",5,18,332
140358,Cradle and All,5,18,86
140358,Nightmares &amp; Dreamscapes,5,18,232
140358,Welcome to Temptation,5,18,453
140358,The Hobbit : The Enchanting Prelude to The Lord of the Rings,5,18,356
140358,The Partner,5,18,384
140358,A Time to Kill,5,18,13
140358,The Color Purple,5,18,322
140358,The Pelican Brief,5,18,385
140358,Nicolae: The Rise of Antichrist (Left Behind No. 3),5,18,230
140358,Unnatural Exposure,5,18,444
140358,Final Target,5,18,125
140358,I Know This Much Is True,5,18,175
140358,The Dark Half,5,18,326
140358,Gerald's Game,5,18,141
140358,Black House,5,18,52
140358,Vinegar Hill (Oprah's Book Club (Paperback)),5,18,445
140358,Bag of Bones,5,18,43
140358,Desperation,5,18,95
140358,Harry Potter and the Prisoner of Azkaban (Book 3),5,18,156
140358,"The Gunslinger (The Dark Tower, Book 1)",5,18,352
140358,Black Notice,5,18,53
140358,Wifey,5,18,464
140358,Fast Women,5,18,123
140358,The Body Farm,5,18,311
140358,The Last Precinct,5,18,369
140358,Fall On Your Knees (Oprah #45),5,18,120
140358,House of Sand and Fog,5,18,169
140358,"The Waste Lands (The Dark Tower, Book 3)",5,18,429
140358,Dolores Claiborne,5,18,100
140358,The Villa,5,18,426
140358,The Andromeda Strain,5,18,302
140358,The Chamber,5,18,318
140358,1st to Die: A Novel,5,18,1
140358,Postmortem,5,18,250
140358,The Tommyknockers,5,18,421
140358,Insomnia,5,18,181
140358,Taltos: Lives of the Mayfair Witches,5,18,292
140358,"The Vampire Lestat (Vampire Chronicles, Book II)",5,18,425
140358,The Rainmaker,5,18,395
140358,Tribulation Force: The Continuing Drama of Those Left Behind (Left Behind No. 2),5,18,440
140358,A Painted House,5,18,10
140358,The Firm,5,18,337
140358,The Queen of the Damned (Vampire Chronicles (Paperback)),5,18,394
140358,White Oleander : A Novel (Oprah's Book Club),5,18,461
140358,Skipping Christmas,5,18,280
140358,Tell No One,5,18,296
140358,The Angel of Darkness,5,18,303
140358,Interview with the Vampire,5,18,183
140358,It,5,18,186
153662,Harry Potter and the Order of the Phoenix (Book 5),10,19,155
153662,The Talisman,10,19,417
153662,Three Fates,10,19,433
153662,Dance upon the Air (Three Sisters Island Trilogy),10,19,91
153662,The Gift,8,19,339
153662,One for the Money (Stephanie Plum Novels (Paperback)),9,19,238
153662,Harry Potter and the Sorcerer's Stone (Harry Potter (Paperback)),10,19,158
153662,Chicken Soup for the Woman's Soul (Chicken Soup for the Soul Series (Paper)),9,19,73
153662,A Wrinkle in Time,8,19,17
153662,Christine,9,19,76
153662,Left Behind: A Novel of the Earth's Last Days (Left Behind No. 1),9,19,199
153662,Beloved,5,19,47
153662,Nicolae: The Rise of Antichrist (Left Behind No. 3),9,19,230
153662,The Perfect Storm : A True Story of Men Against the Sea,10,19,386
153662,Anne of Green Gables (Anne of Green Gables Novels (Paperback)),10,19,35
153662,The Secret Garden,10,19,405
153662,Needful Things,8,19,227
153662,Jewels of the Sun (Irish Trilogy),9,19,190
153662,A Time to Kill,10,19,13
153662,Key of Light (Key Trilogy (Paperback)),10,19,194
153662,Midnight Bayou,10,19,214
153662,It,9,19,186
153662,When the Wind Blows,10,19,455
153662,House of Sand and Fog,5,19,169
153662,I Capture the Castle,10,19,173
153662,When the Wind Blows,10,19,455
153662,Fahrenheit 451,10,19,118
153662,Heart of the Sea (Irish Trilogy),9,19,159
153662,White Oleander : A Novel (Oprah's Book Club),9,19,461
153662,Intensity,5,19,182
153662,Midnight in the Garden of Good and Evil,10,19,215
153662,The Client,10,19,321
153662,Love You Forever,9,19,205
153662,Harry Potter and the Goblet of Fire (Book 4),10,19,154
153662,That Camden Summer,9,19,297
153662,Midwives: A Novel,9,19,217
153662,Tears of the Moon (Irish Trilogy),9,19,295
153662,The Shining,10,19,407
153662,Midnight Bayou,10,19,214
153662,Breathing Lessons,9,19,60
153662,The Green Mile,10,19,348
153662,The Divine Secrets of the Ya-Ya Sisterhood: A Novel,10,19,330
153662,Heaven and Earth (Three Sisters Island Trilogy),9,19,162
153662,"The Fellowship of the Ring (The Lord of the Rings, Part 1)",10,19,336
153662,A Separate Peace,10,19,12
153662,The Eyes of the Dragon,9,19,335
153662,Girl in Hyacinth Blue,9,19,142
153662,The Joy Luck Club,9,19,365
153662,Snow Falling on Cedars,10,19,283
153662,The Testament,9,19,419
153662,Skeleton Crew,8,19,279
153662,The Pelican Brief,9,19,385
153662,The Promise,9,19,393
153662,Harry Potter and the Prisoner of Azkaban (Book 3),10,19,156
153662,Anne of Avonlea (Anne of Green Gables Novels (Paperback)),9,19,34
153662,Mercy,10,19,211
153662,Harry Potter and the Goblet of Fire (Book 4),10,19,154
153662,Heartbreaker,10,19,160
153662,Beloved,9,19,47
153662,Zen and the Art of Motorcycle Maintenance: An Inquiry into Values,10,19,472
153662,The Regulators,5,19,399
153662,What Looks Like Crazy On An Ordinary Day,9,19,454
153662,Harry Potter and the Chamber of Secrets (Book 2),10,19,153
153662,The Green Mile: The Bad Death of Eduard Delacroix (Green Mile Series),10,19,350
153662,Ellen Foster,9,19,111
153662,The Alienist,10,19,299
153662,The Guardian,9,19,351
153662,Seabiscuit: An American Legend,9,19,269
158295,Eyes of Prey,7,20,115
158295,Final Target,8,20,125
158295,The Lovely Bones: A Novel,7,20,376
158295,Over the Edge,6,20,240
158295,"\O\"" Is for Outlaw""",6,20,473
158295,The Pelican Brief,6,20,385
158295,Misery,7,20,218
158295,Skeleton Crew,5,20,279
158295,Face the Fire (Three Sisters Island Trilogy),7,20,117
158295,The Switch,7,20,415
158295,Body of Evidence (Kay Scarpetta Mysteries (Paperback)),7,20,58
158295,The Mummy or Ramses the Damned,6,20,378
158295,Fear Nothing,8,20,124
158295,The Door to December,5,20,331
158295,Three To Get Deadly : A Stephanie Plum Novel (A Stephanie Plum Novel),7,20,435
158295,The Firm,6,20,337
158295,Q Is for Quarry,6,20,254
158295,The Rainmaker,6,20,395
158295,Whispers,6,20,459
158295,"The Vampire Lestat (Vampire Chronicles, Book II)",8,20,425
158295,"The Gunslinger (The Dark Tower, Book 1)",8,20,352
158295,E Is for Evidence: A Kinsey Millhone Mystery (Kinsey Millhone Mysteries (Paperback)),7,20,107
158295,Dance upon the Air (Three Sisters Island Trilogy),7,20,91
158295,Mystic River,8,20,224
158295,Mortal Prey,7,20,221
158295,C Is for Corpse (Kinsey Millhone Mysteries (Paperback)),6,20,65
158295,The Regulators,5,20,399
158295,Black Notice,8,20,53
158295,"Wizard and Glass (The Dark Tower, Book 4)",9,20,468
158295,Desperation,7,20,95
158295,Taltos: Lives of the Mayfair Witches,9,20,292
158295,D Is for Deadbeat (Kinsey Millhone Mysteries (Paperback)),7,20,89
158295,Four To Score (A Stephanie Plum Novel),7,20,133
158295,2nd Chance,6,20,2
158295,Still Waters,6,20,287
158295,Ashes to Ashes,8,20,37
158295,Christine,7,20,76
158295,Dark Paradise,7,20,92
158295,Seize the Night,5,20,270
158295,Chosen Prey,7,20,75
158295,The Witching Hour (Lives of the Mayfair Witches),9,20,431
158295,We'll Meet Again,7,20,452
158295,"The Drawing of the Three (The Dark Tower, Book 2)",9,20,332
158295,Violets Are Blue,6,20,446
158295,Hideaway,6,20,163
158295,The Partner,5,20,384
158295,Four Past Midnight,4,20,132
158295,Dreamcatcher,7,20,104
158295,The Tommyknockers,6,20,421
158295,Black House,7,20,52
158295,Watchers,6,20,449
158295,Lightning,7,20,201
158295,The Eyes of the Dragon,7,20,335
158295,Kiss the Girls,5,20,196
158295,By the Light of the Moon,8,20,64
158295,The Notebook,8,20,382
158295,Confessions of a Shopaholic (Summer Display Opportunity),5,20,82
158295,H Is for Homicide (Kinsey Millhone Mysteries (Paperback)),6,20,150
162639,The Secret Garden,9,21,405
162639,Saint Maybe,9,21,267
162639,The Phantom Tollbooth,9,21,387
162639,Harry Potter and the Prisoner of Azkaban (Book 3),9,21,156
162639,Winter Solstice,10,21,466
162639,Mystic River,7,21,224
162639,All I Really Need to Know,9,21,23
162639,Three To Get Deadly : A Stephanie Plum Novel (A Stephanie Plum Novel),10,21,435
162639,Bridget Jones's Diary,8,21,62
162639,The Saving Graces: A Novel,7,21,404
162639,Seven Up (A Stephanie Plum Novel),10,21,272
162639,Silence of the Lambs,9,21,278
162639,How to Make an American Quilt,9,21,172
162639,Faking It,5,21,119
162639,A Map of the World,7,21,9
162639,Miss Julia Speaks Her Mind : A Novel,7,21,219
162639,A Wrinkle In Time,8,21,16
162639,Remember Me,8,21,257
162639,How to Make an American Quilt,9,21,172
162639,Harry Potter and the Sorcerer's Stone (Book 1),10,21,157
162639,2nd Chance,7,21,2
162639,A Walk to Remember,8,21,15
162639,SHIPPING NEWS,6,21,264
162639,Left Behind: A Novel of the Earth's Last Days (Left Behind No. 1),10,21,199
162639,The Body Farm,8,21,311
162639,Deja Dead,9,21,94
162639,Death du Jour,9,21,93
162639,Harry Potter and the Goblet of Fire (Book 4),9,21,154
162639,Hard Eight : A Stephanie Plum Novel (A Stephanie Plum Novel),10,21,152
162639,Bridget Jones's Diary,8,21,62
162639,Open Season,8,21,239
162639,Airframe,9,21,21
162639,Wicked: The Life and Times of the Wicked Witch of the West,5,21,463
162639,The Other Boleyn Girl,8,21,383
162639,Fingersmith,9,21,126
162639,Tara Road,10,21,293
162639,Winter Solstice,10,21,466
162639,Tell No One,9,21,296
162639,Cold Sassy Tree,9,21,81
162639,Harry Potter and the Chamber of Secrets (Book 2),9,21,153
162639,Skipping Christmas,8,21,280
162639,Jurassic Park,9,21,192
162639,Sphere,6,21,286
162639,Summer Sisters,8,21,290
189835,Where the Red Fern Grows,5,22,457
189835,Pet Sematary,5,22,243
189835,Summer Sisters,5,22,290
189835,"The Gunslinger (The Dark Tower, Book 1)",5,22,352
189835,The Gift,5,22,339
189835,The Green Mile: The Bad Death of Eduard Delacroix (Green Mile Series),5,22,350
189835,Wuthering Heights,5,22,470
189835,The Hobbit : The Enchanting Prelude to The Lord of the Rings,5,22,356
189835,"The Drawing of the Three (The Dark Tower, Book 2)",5,22,332
189835,Desperation,5,22,95
189835,It,5,22,186
189835,Carrie,5,22,67
189835,The Bonesetter's Daughter,8,22,312
189835,Black House,5,22,52
189835,The Tao of Pooh,5,22,418
189835,Hannibal,5,22,151
189835,"The Waste Lands (The Dark Tower, Book 3)",5,22,429
189835,The Dark Half,5,22,326
189835,The Color Purple,8,22,322
189835,The Phantom Tollbooth,5,22,387
189835,The Shining,5,22,407
189835,"The Waste Lands (The Dark Tower, Book 3)",5,22,429
189835,Carrie,5,22,67
189835,Different Seasons,5,22,96
189835,"The Drawing of the Three (The Dark Tower, Book 2)",5,22,332
189835,Dreamcatcher,5,22,104
189835,Rose Madder,5,22,260
189835,"The Return of the King (The Lord of the Rings, Part 3)",5,22,402
189835,"The Fellowship of the Ring (The Lord of the Rings, Part 1)",5,22,336
189835,Carolina Moon,5,22,66
189835,Firestarter,5,22,127
189835,Watership Down,7,22,450
189835,Everything's Eventual : 14 Dark Tales,5,22,114
189835,"The Return of the King (The Lord of the Rings, Part 3)",5,22,402
189835,Wifey,5,22,464
189835,Thinner,5,22,432
189835,The Girl Who Loved Tom Gordon,5,22,340
189835,The Two Dead Girls (Green Mile Series),5,22,422
189835,Dragonfly in Amber,5,22,103
189835,The Diary of Ellen Rimbauer: My Life at Rose Red,5,22,329
189835,Gerald's Game,5,22,141
189835,The Hundred Secret Senses,7,22,362
189835,The Shining,5,22,407
189835,Christine,5,22,76
189835,The Tommyknockers,5,22,421
189835,The Giver (21st Century Reference),5,22,343
189835,Dolores Claiborne,5,22,100
189835,Needful Things,5,22,227
189835,Dolores Claiborne,5,22,100
189835,The Dead Zone,5,22,327
189835,Wuthering Heights,5,22,470
189835,The Green Mile: Coffey's Hands (Green Mile Series),5,22,349
189835,Misery,5,22,218
189835,The Lost World,5,22,375
189835,"The Return of the King (The Lord of the Rings, Part 3)",5,22,402
189835,The Red Tent (Bestselling Backlist),9,22,398
204864,Roses Are Red (Alex Cross Novels),8,23,261
204864,Dune (Remembering Tomorrow),10,23,106
204864,The Lovely Bones: A Novel,9,23,376
204864,The Catcher in the Rye,10,23,316
204864,The Hitchhiker's Guide to the Galaxy,10,23,354
204864,"The Golden Compass (His Dark Materials, Book 1)",9,23,346
204864,A Prayer for Owen Meany,9,23,11
204864,Confessions of an Ugly Stepsister : A Novel,9,23,83
204864,Left Behind: A Novel of the Earth's Last Days (Left Behind No. 1),6,23,199
204864,The Angel of Darkness,8,23,303
204864,Divine Secrets of the Ya-Ya Sisterhood: A Novel,9,23,99
204864,The Blind Assassin,9,23,308
204864,Gerald's Game,5,23,141
204864,Ender's Game (Ender Wiggins Saga (Paperback)),10,23,113
204864,Snow Falling on Cedars,10,23,283
204864,Holes (Yearling Newbery),10,23,166
204864,"Girl, Interrupted",9,23,144
204864,Red Dragon,10,23,256
204864,Empire Falls,9,23,112
204864,Matilda,10,23,209
204864,Life of Pi,10,23,200
204864,Bastard Out of Carolina,10,23,45
204864,American Gods,10,23,26
204864,Balzac and the Little Chinese Seamstress : A Novel,9,23,44
204864,Dreamcatcher,9,23,104
204864,Fried Green Tomatoes at the Whistle Stop Cafe,9,23,134
204864,The Stand: Complete and Uncut,10,23,409
204864,The Poisonwood Bible: A Novel,9,23,390
204864,Siddhartha,9,23,277
204864,Flesh and Blood,10,23,129
204864,Where the Red Fern Grows,10,23,457
204864,The Blind Assassin,8,23,308
204864,Kiss the Girls,9,23,196
204864,It,5,23,186
204864,The Red Tent (Bestselling Backlist),10,23,398
204864,Point of Origin,10,23,247
204864,The Handmaid's Tale,10,23,353
204864,2nd Chance,9,23,2
204864,The Murder Book,9,23,379
204864,"Lamb : The Gospel According to Biff, Christ's Childhood Pal",10,23,198
204864,Doomsday Book,10,23,102
204864,House of Sand and Fog,7,23,169
204864,Midnight in the Garden of Good and Evil: A Savannah Story,10,23,216
204864,Little Altars Everywhere: A Novel,6,23,203
204864,The Mummy or Ramses the Damned,8,23,378
219683,Who Moved My Cheese? An Amazing Way to Deal with Change in Your Work and in Your Life,9,24,462
219683,The Hobbit,10,24,355
219683,Thinner,7,24,432
219683,The Tommyknockers,3,24,421
219683,Insomnia,5,24,181
219683,Black House,7,24,52
219683,Nightmares &amp; Dreamscapes,9,24,232
219683,Dune (Remembering Tomorrow),10,24,106
219683,Pet Sematary,6,24,243
219683,Hannibal,4,24,151
219683,Dreamcatcher,4,24,104
219683,Bag of Bones,4,24,43
219683,The Dark Half,6,24,326
219683,Cujo,4,24,88
219683,Atlas Shrugged,10,24,39
219683,False Memory,4,24,121
219683,"The Drawing of the Three (The Dark Tower, Book 2)",7,24,332
219683,Skeleton Crew,10,24,279
219683,The Talisman,9,24,417
219683,Carrie,9,24,67
219683,Silence of the Lambs,6,24,278
219683,Dolores Claiborne,7,24,100
219683,Brave New World,4,24,59
219683,Dance upon the Air (Three Sisters Island Trilogy),9,24,91
219683,1984,7,24,0
219683,Hearts In Atlantis,4,24,161
219683,Slaughterhouse Five or the Children's Crusade: A Duty Dance With Death,6,24,281
219683,The Tao of Pooh,10,24,418
219683,Christine,8,24,76
219683,Lord of the Flies,7,24,204
219683,Red Dragon,3,24,256
219683,"The Gunslinger (The Dark Tower, Book 1)",8,24,352
219683,Siddhartha,10,24,277
219683,Misery,5,24,218
219683,The Dead Zone,6,24,327
219683,Ender's Game (Ender Wiggins Saga (Paperback)),10,24,113
219683,The Shining,7,24,407
219683,Four Past Midnight,10,24,132
219683,The Girl Who Loved Tom Gordon,2,24,340
219683,"The Waste Lands (The Dark Tower, Book 3)",9,24,429
219683,Firestarter,7,24,127
225087,Jonathan Livingston Seagull,10,25,191
225087,Pigs in Heaven,10,25,245
225087,"Loves Music, Loves to Dance",10,25,206
225087,Still Waters,10,25,287
225087,Open Season,7,25,239
225087,Disclosure,7,25,98
225087,She's Come Undone (Oprah's Book Club (Paperback)),10,25,273
225087,Unnatural Exposure,10,25,444
225087,Dolores Claiborne,7,25,100
225087,The Street Lawyer,10,25,411
225087,From Potter's Field,10,25,135
225087,Red Dragon,10,25,256
225087,Final Target,10,25,125
225087,To the Nines: A Stephanie Plum Novel,10,25,439
225087,The Gift,8,25,339
225087,The Pelican Brief,10,25,385
225087,Cat &amp; Mouse (Alex Cross Novels),10,25,68
225087,The Switch,10,25,415
225087,The Murder Book,10,25,379
225087,Dance upon the Air (Three Sisters Island Trilogy),7,25,91
225087,The Beach House,5,25,306
225087,The Pelican Brief,10,25,385
225087,All Around the Town,10,25,22
225087,The Alienist,8,25,299
225087,Q Is for Quarry,10,25,254
225087,The Body Farm,10,25,311
225087,Roses Are Red (Alex Cross Novels),10,25,261
225087,The Lost World,10,25,375
225087,The Celestine Prophecy (Celestine Prophecy),10,25,317
225087,Deja Dead,10,25,94
225087,The Notebook,10,25,382
225087,When the Wind Blows,7,25,455
225087,Winter Solstice,10,25,466
225087,The Valley of Horses,5,25,424
225087,Message in a Bottle,10,25,212
225087,Sick Puppy,5,25,276
225087,"\O\"" Is for Outlaw""",10,25,473
225087,The Bean Trees,10,25,307
225087,Point of Origin,10,25,247
225087,Daddy's Little Girl,10,25,90
225087,Jurassic Park,10,25,192
236283,Black House,10,26,52
236283,Q Is for Quarry,10,26,254
236283,The Wedding,10,26,430
236283,The Tommyknockers,10,26,421
236283,The Two Dead Girls (Green Mile Series),10,26,422
236283,Nightmares &amp; Dreamscapes,10,26,232
236283,From a Buick 8 : A Novel,10,26,136
236283,Different Seasons,10,26,96
236283,Carrie,10,26,67
236283,The Green Mile: The Bad Death of Eduard Delacroix (Green Mile Series),10,26,350
236283,A Walk to Remember,10,26,15
236283,It,10,26,186
236283,Everything's Eventual : 14 Dark Tales,10,26,114
236283,The Eyes of the Dragon,10,26,335
236283,Chicken Soup for the Soul (Chicken Soup for the Soul),10,26,72
236283,The Girl Who Loved Tom Gordon : A Novel,10,26,341
236283,The Regulators,10,26,399
236283,The Guardian,10,26,351
236283,Gerald's Game,10,26,141
236283,The Notebook,10,26,382
236283,The Green Mile: Coffey's Hands (Green Mile Series),10,26,349
236283,"Key of Valor (Roberts, Nora. Key Trilogy, 3.)",10,26,195
236283,Skeleton Crew,10,26,279
236283,"Wizard and Glass (The Dark Tower, Book 4)",10,26,468
236283,The Pilot's Wife,10,26,388
236283,"\O\"" Is for Outlaw""",10,26,473
236283,Dreamcatcher,10,26,104
236283,"The Drawing of the Three (The Dark Tower, Book 2)",5,26,332
236283,Nights in Rodanthe,10,26,233
236283,The Guardian,10,26,351
236283,The Diary of Ellen Rimbauer: My Life at Rose Red,10,26,329
236283,"Tuesdays with Morrie: An Old Man, a Young Man, and Life's Greatest Lesson",10,26,441
236283,The Tommyknockers,8,26,421
236283,Don't Sweat the Small Stuff and It's All Small Stuff : Simple Ways to Keep the Little Things from Taking Over Your Life (Don't Sweat the Small Stuff Series),8,26,101
236283,All I Really Need to Know,9,26,23
236283,The Diary of Ellen Rimbauer: My Life at Rose Red,10,26,329
236283,Insomnia,10,26,181
236283,Four Past Midnight,10,26,132
236283,The Shining,10,26,407
236283,The Rescue,10,26,401
236283,Sick Puppy,10,26,276
236283,Misery,10,26,218
240567,Congo,8,27,84
240567,Along Came a Spider (Alex Cross Novels),6,27,25
240567,The Summons,5,27,413
240567,Girl with a Pearl Earring,4,27,143
240567,Where the Heart Is (Oprah's Book Club (Paperback)),9,27,456
240567,White Oleander : A Novel,8,27,460
240567,The Testament,5,27,419
240567,Hard Eight : A Stephanie Plum Novel (A Stephanie Plum Novel),8,27,152
240567,Icy Sparks,8,27,178
240567,When the Wind Blows,7,27,455
240567,A Painted House,8,27,10
240567,The Pelican Brief,5,27,385
240567,Kiss the Girls,8,27,196
240567,STONES FROM THE RIVER,7,27,265
240567,Roses Are Red (Alex Cross Novels),9,27,261
240567,House of Sand and Fog,8,27,169
240567,Brave New World,2,27,59
240567,The Client,8,27,321
240567,The Rainmaker,6,27,395
240567,Jurassic Park,7,27,192
240567,We Were the Mulvaneys,8,27,451
240567,The Secret Life of Bees,10,27,406
240567,Angels &amp; Demons,7,27,30
240567,The Catcher in the Rye,9,27,316
240567,The Hundred Secret Senses,9,27,362
240567,She's Come Undone (Oprah's Book Club),7,27,274
240567,The Da Vinci Code,10,27,325
240567,Two for the Dough,9,27,442
240567,The Chamber,5,27,318
240567,High Five (A Stephanie Plum Novel),9,27,165
240567,The Horse Whisperer,9,27,358
240567,Angela's Ashes: A Memoir,10,27,29
240567,1984,8,27,0
240567,The Great Gatsby,5,27,347
240567,Postmortem,10,27,250
240567,Animal Farm,8,27,32
240567,Violets Are Blue,7,27,446
240567,The Red Tent (Bestselling Backlist),8,27,398
240567,The Pilot's Wife,8,27,388
240567,The Brethren,6,27,314
258534,Pop Goes the Weasel,8,28,249
258534,High Five (A Stephanie Plum Novel),10,28,165
258534,It,10,28,186
258534,1st to Die: A Novel,6,28,1
258534,To the Nines: A Stephanie Plum Novel,10,28,439
258534,Flesh and Blood,9,28,129
258534,Silence of the Lambs,10,28,278
258534,Eyes of Prey,10,28,115
258534,The Green Mile: Coffey's Hands (Green Mile Series),10,28,349
258534,Four To Score (A Stephanie Plum Novel),9,28,133
258534,A Painted House,10,28,10
258534,The Last Precinct,9,28,369
258534,The Shining,9,28,407
258534,Roses Are Red (Alex Cross Novels),8,28,261
258534,F Is for Fugitive (Kinsey Millhone Mysteries (Paperback)),9,28,116
258534,Cat &amp; Mouse (Alex Cross Novels),8,28,68
258534,The Body Farm,9,28,311
258534,Isle of Dogs,10,28,185
258534,The Green Mile: The Bad Death of Eduard Delacroix (Green Mile Series),10,28,350
258534,From Potter's Field,9,28,135
258534,G Is for Gumshoe (Kinsey Millhone Mysteries (Paperback)),9,28,140
258534,Nickel and Dimed: On (Not) Getting By in America,7,28,229
258534,The Client,9,28,321
258534,D Is for Deadbeat (Kinsey Millhone Mysteries (Paperback)),8,28,89
258534,Hannibal,9,28,151
258534,L Is for Lawless,9,28,197
258534,Seven Up (A Stephanie Plum Novel),10,28,272
258534,Desperation,9,28,95
258534,Chosen Prey,8,28,75
258534,One for the Money (A Stephanie Plum Novel),10,28,237
258534,All That Remains (Kay Scarpetta Mysteries (Paperback)),9,28,24
258534,Christine,8,28,76
258534,Harry Potter and the Goblet of Fire (Book 4),10,28,154
258534,Hard Eight : A Stephanie Plum Novel (A Stephanie Plum Novel),10,28,152
258534,The Pelican Brief,8,28,385
258534,Nightmares &amp; Dreamscapes,9,28,232
258534,Southern Cross,9,28,285
258534,Easy Prey,9,28,108
258534,The Murder Book,9,28,379
258534,Cujo,8,28,88
258534,Two for the Dough,10,28,442
258534,M Is for Malice,9,28,208
258534,Four Past Midnight,9,28,132
258534,I Is for Innocent,9,28,174
258534,Fast Food Nation: The Dark Side of the All-American Meal,8,28,122
258534,A Is for Alibi (Kinsey Millhone Mysteries (Paperback)),9,28,8
258534,Hot Six : A Stephanie Plum Novel (A Stephanie Plum Novel),10,28,168
258534,Rose Madder,9,28,260
258534,Three To Get Deadly : A Stephanie Plum Novel (A Stephanie Plum Novel),10,28,435
258534,Unnatural Exposure,9,28,444
258534,Cradle and All,10,28,86
258534,Dreamcatcher,9,28,104
258534,The Color Purple,10,28,322
258534,E Is for Evidence: A Kinsey Millhone Mystery (Kinsey Millhone Mysteries (Paperback)),9,28,107
258534,J Is for Judgment,9,28,187
258534,The Two Dead Girls (Green Mile Series),9,28,422
258534,B Is for Burglar (Kinsey Millhone Mysteries (Paperback)),9,28,40
258534,Postmortem,8,28,250
11676,While I Was Gone,8,2,458
11676,Slow Waltz in Cedar Bend,5,2,282
11676,The God of Small Things,10,2,345
31826,The Voice of the Night,10,6,428
60244,"Fluke : Or, I Know Why the Winged Whale Sings",9,9,130
89602,"The Amber Spyglass (His Dark Materials, Book 3)",8,11,301
98391,Visions of Sugar Plums,9,13,447
